key,name,premium,full,tech,finance,happy,commodity,energy
map,"Global Map",,ON,ON,ON,ON,ON,ON
positive-feed,"Good News Feed",,,,,ON,,
progress,"Human Progress",,,,,ON,,
counters,"Live Counters",,,,,ON,,
spotlight,"",,,,,ON,,
breakthroughs,"Breakthroughs",,,,,ON,,
digest,"5 Good Things",,,,,ON,,
species,"Conservation Wins",,,,,ON,,
renewable,"Renewable Energy",,,,,ON,,ON
giving,"Global Giving",,avail,,,ON,,
live-news,"Live News",,ON,ON,ON,,ON,ON
insights,"AI Insights",,ON,ON,ON,,ON,ON
commodity-news,"Commodity News",,,,,,ON,
liquidity-shifts,"Liquidity Shifts",,ON,,ON,,ON,
news-market-correlation,"News ↔ Markets",,ON,,ON,,ON,
positioning-247,"24/7 Positioning",,ON,,ON,,ON,
gold-silver,"Gold & Silver",,,,,,ON,
energy,"Energy & Resources",,ON,,,,ON,ON
mining-news,"Mining News",,,,,,ON,
critical-minerals,"Critical Minerals",,,,,,ON,
base-metals,"Base Metals",,,,,,ON,
mining-companies,"Mining Companies",,,,,,ON,
supply-chain,"Supply Chain",enhanced,ON,,ON,,ON,ON
china-corridors,"China Logistics Corridors",,ON,,avail,,avail,avail
china-activity-nowcast,"China Activity Nowcast",,ON,,avail,,avail,avail
commodity-regulation,"Regulation & Policy",,,,,,ON,
markets,"Markets",,ON,ON,ON,,ON,
commodities,"Metals & Materials",,ON,,ON,,ON,ON
energy-complex,"Energy Complex",,ON,,ON,,ON,ON
pipeline-status,"Oil & Gas Pipeline Status",,ON,,avail,,avail,ON
oil-inventories,"Oil Inventories",,ON,,,,ON,ON
gold-intelligence,"Gold Intelligence",,ON,,ON,,ON,
heatmap,"Sector Heatmap",,ON,,ON,,ON,
macro-signals,"Market Regime",,ON,ON,ON,,ON,ON
trade-policy,"Trade Policy",locked,ON,,ON,,ON,
sanctions-pressure,"Sanctions Pressure",,ON,,ON,,ON,ON
economic,"Macro Stress",,ON,ON,ON,,ON,
gulf-economies,"Gulf Economies",,avail,,ON,,ON,ON
gcc-investments,"GCC Investments",,,,ON,,ON,ON
consumer-prices,"Consumer Prices",,avail,,ON,,ON,
airline-intel,"Airline Intelligence",,ON,ON,ON,,ON,
polymarket,"Predictions",,ON,ON,ON,,ON,
world-clock,"World Clock",,ON,ON,ON,,ON,ON
monitors,"My Monitors",,ON,ON,ON,,ON,ON
latest-brief,"Latest Brief",locked,ON,ON,ON,,ON,ON
energy-risk-overview,"Global Energy Risk Overview",,avail,,,,,ON
chokepoint-strip,"Chokepoint Status",,,,,,,ON
storage-facility-map,"Strategic Storage Atlas",,ON,,,,,ON
fuel-shortages,"Global Fuel Shortage Registry",,ON,,,,,ON
energy-disruptions,"Energy Disruptions Log",,ON,,,,,ON
hormuz-tracker,"Hormuz Trade Tracker",,ON,,,,,ON
energy-crisis,"Energy Crisis Tracker",,ON,,,,,ON
fuel-prices,"Fuel Prices",,avail,,,,,ON
climate,"Climate Anomalies",,ON,,,,,ON
live-webcams,"Live Webcams",,ON,ON,ON,,,
windy-webcams,"Windy Live Webcam",,avail,avail,avail,,,
ai,"AI/ML",,ON,ON,,,,
tech,"Technology",,ON,ON,,,,
startups,"Startups & VC",,,ON,,,,
vcblogs,"VC Insights & Essays",,,ON,,,,
regionalStartups,"Global Startup News",,,ON,,,,
unicorns,"Unicorn Tracker",,,ON,,,,
accelerators,"Accelerators & Demo Days",,,ON,,,,
security,"Cybersecurity",,,ON,,,,
policy,"AI Policy & Regulation",,,ON,,,,
layoffs,"Layoffs Tracker",,ON,ON,,,,
finance,"Financial",,ON,ON,,,,
crypto,"Crypto",,ON,ON,ON,,,
hardware,"Semiconductors & Hardware",,,ON,,,,
cloud,"Cloud & Infrastructure",,,ON,,,,
dev,"Developer Community",,,ON,,,,
github,"GitHub Trending",,,ON,,,,
ipo,"IPOs, Earnings & M&A",,,ON,ON,,,
funding,"Funding & VC",,,ON,,,,
producthunt,"Product Hunt",,,ON,,,,
events,"Tech Events",,,ON,,,,
internet-disruptions,"Internet Disruptions",,,ON,,,,
service-status,"Service Status",,,ON,,,,
global-procurement,"Global Procurement",locked,ON,ON,ON,,,
tech-readiness,"Tech Readiness Index",,ON,ON,,,,
etf-flows,"BTC ETF Tracker",,ON,ON,ON,,,
stablecoins,"Stablecoins",,ON,ON,ON,,,
tech-hubs,"Hot Tech Hubs",,avail,avail,,,,
ai-regulation,"AI Regulation Dashboard",,,avail,,,,
stock-analysis,"Stock Analysis",locked,ON,,ON,,,
stock-backtest,"Backtesting",locked,ON,,ON,,,
daily-market-brief,"Daily Market Brief",locked,ON,,ON,,,
markets-news,"Markets News",,,,ON,,,
forex,"Forex & Currencies",,,,ON,,,
fx,"FX Rates",,avail,,avail,,,
bonds,"Fixed Income",,,,ON,,,
commodities-news,"Commodities News",,,,ON,,,
crypto-news,"Crypto News",,,,ON,,,
crypto-heatmap,"Crypto Sectors",,,,ON,,,
defi-tokens,"DeFi Tokens",,,,ON,,,
ai-tokens,"AI Tokens",,,,ON,,,
other-tokens,"Alt Tokens",,,,ON,,,
centralbanks,"Central Bank Watch",,,,ON,,,
economic-news,"Economic News",,,,ON,,,
macro-tiles,"Macro Indicators",,avail,,ON,,,
fear-greed,"Fear & Greed",,ON,,ON,,,
aaii-sentiment,"AAII Sentiment",,avail,,ON,,,
market-breadth,"Market Breadth",,ON,,ON,,,
fsi,"Financial Stress",,avail,,ON,,,
yield-curve,"Yield Curve",,avail,,ON,,,
earnings-calendar,"Earnings Calendar",,avail,,ON,,,
economic-calendar,"Economic Calendar",,avail,,ON,,,
cot-positioning,"COT Positioning",,ON,,ON,,,
derivatives,"Derivatives & Options",,,,ON,,,
fintech,"Fintech & Trading Tech",,,,ON,,,
fin-regulation,"Financial Regulation",,,,ON,,,
institutional,"Hedge Funds & PE",,,,ON,,,
analysis,"Market Analysis",,,,ON,,,
gccNews,"GCC Business News",,,,ON,,,
wsb-ticker-scanner,"WSB Ticker Scanner",locked,ON,,ON,,,
threat-timeline,"Threat Timeline",,ON,,,,,
strategic-posture,"AI Strategic Posture",,ON,,,,,
forecast,"AI Forecasts",locked,ON,,,,,
cii,"Country Instability",enhanced,ON,,,,,
strategic-risk,"Strategic Risk Overview",enhanced,ON,,,,,
intel,"Intel Feed",,ON,,,,,
gdelt-intel,"Live Intelligence",enhanced,ON,,,,,
cascade,"Infrastructure Cascade",,ON,,,,,
military-correlation,"Force Posture",,ON,,,,,
escalation-correlation,"Escalation Monitor",,ON,,,,,
economic-correlation,"Economic Warfare",,ON,,,,,
disaster-correlation,"Disaster Cascade",,ON,,,,,
politics,"World News",,ON,,,,,
us,"United States",,ON,,,,,
europe,"Europe",,ON,,,,,
middleeast,"Middle East",,ON,,,,,
africa,"Africa",,ON,,,,,
latam,"Latin America",,ON,,,,,
asia,"Asia-Pacific",,ON,,,,,
gov,"Government",,ON,,,,,
thinktanks,"Think Tanks",,ON,,,,,
chat-analyst,"WM Analyst",locked,ON,,,,,
satellite-fires,"Fires",,ON,,,,,
grocery-basket,"Grocery Index",,avail,,,,,
bigmac,"Big Mac Index",,avail,,,,,
fao-food-price-index,"FAO Food Price Index",,avail,,,,,
ucdp-events,"UCDP Conflict Events",,ON,,,,,
disease-outbreaks,"Disease Outbreaks",,ON,,,,,
social-velocity,"Social Velocity",,ON,,,,,
displacement,"UNHCR Displacement",,ON,,,,,
climate-news,"Climate News",,avail,,,,,
population-exposure,"Population Exposure",,ON,,,,,
security-advisories,"Security Advisories",,ON,,,,,
defense-patents,"R&D Signal",,ON,,,,,
radiation-watch,"Radiation Watch",,ON,,,,,
thermal-escalation,"Thermal Escalation",,ON,,,,,
oref-sirens,"Israel Sirens",locked,ON,,,,,
telegram-intel,"Telegram Intel",locked,ON,,,,,
national-debt,"Global Debt Clock",,ON,,,,,
cross-source-signals,"Cross-Source Signals",,ON,,,,,
market-implications,"AI Market Implications",locked,ON,,,,,
regional-intelligence,"Regional Intelligence",locked,avail,,,,,
deduction,"Deduct Situation",locked,avail,,,,,
geo-hubs,"Geopolitical Hubs",,avail,,,,,
