panels,Political violence,Cyber,Political risk,Transactional liability,Financial institutions,Professional liability,Environmental liability,Specialty casualty
portfolio-exposure,ON,ON,ON,ON,ON,ON,ON,ON
map,ON,ON,ON,ON,ON,ON,ON,ON
positive-feed,,,,,,,,
progress,,,,,,,,
counters,,,,,,,,
spotlight,,,,,,,,
breakthroughs,,,,,,,,
digest,,,,,,,,
species,,,,,,,avail,
renewable,,,,avail,,,ON,avail
giving,,,,,,,,
live-news,ON,ON,ON,ON,ON,ON,ON,ON
insights,,,,,,,,
commodity-news,,,ON,,,,avail,
liquidity-shifts,,,,,,,,
news-market-correlation,,,,,,,,
positioning-247,,,,avail,avail,,,
gold-silver,,,ON,,avail,,,
energy,ON,,ON,,,,ON,avail
mining-news,,,ON,,,,ON,avail
critical-minerals,,,ON,avail,,,avail,
base-metals,,,ON,avail,,,,
mining-companies,,,ON,avail,,,ON,avail
supply-chain,,,,,,,,
china-corridors,,,,,,,,
china-activity-nowcast,,,,,,,,
commodity-regulation,,,ON,avail,,,avail,
markets,,,,,,,,
commodities,,,ON,avail,,,avail,
energy-complex,,,ON,avail,,,avail,
pipeline-status,ON,,ON,,,,ON,avail
oil-inventories,,,,,,,,
gold-intelligence,,,,,,,,
heatmap,,,,avail,ON,,,
macro-signals,,,ON,ON,ON,,,
trade-policy,,,,,,,,
sanctions-pressure,,,,,,,,
economic,,,,,,,,
gulf-economies,,,ON,avail,avail,,,
gcc-investments,,,ON,ON,avail,,,
consumer-prices,,,,,,,,
airline-intel,,,,,,,,
polymarket,,,,,,,,
world-clock,ON,ON,ON,avail,avail,avail,avail,avail
monitors,,,,,,,,
latest-brief,,,,,,,,
energy-risk-overview,ON,,ON,,,,ON,
chokepoint-strip,,,,,,,,
storage-facility-map,ON,,,,,,ON,ON
fuel-shortages,ON,,ON,,,,,avail
energy-disruptions,,,,,,,,
hormuz-tracker,,,,,,,,
energy-crisis,ON,,ON,,,,avail,
fuel-prices,,,,,,,,
climate,,,,,,,,
live-webcams,ON,ON	,ON,ON,ON,ON,ON,ON
windy-webcams,,,,,,,avail,avail
ai,,avail,,avail,,ON,,
tech,,avail,,ON,,ON,,
startups,,,,ON,,avail,,
vcblogs,,,,avail,,,,
regionalStartups,,,,avail,,,,
unicorns,,,,ON,avail,,,
accelerators,,,,avail,,avail,,
security,,ON,,,ON,ON,,
policy,,avail,,avail,,ON,,
layoffs,,,,avail,avail,avail,,
finance,,,,avail,ON,,,
crypto,,avail,,avail,ON,,,
hardware,,,,avail,,avail,,
cloud,,ON,,avail,,ON,,
dev,,,,,,avail,,
github,,avail,,,,avail,,
ipo,,,,ON,ON,avail,,
funding,,,,ON,avail,,,
producthunt,,,,,,,,
events,,,,avail,,avail,,
internet-disruptions,,,,,,,,
service-status,,ON,,,avail,ON,,
global-procurement,,,,,,,,
tech-readiness,,avail,,avail,,avail,,
etf-flows,,,,avail,ON,,,
stablecoins,,avail,,avail,ON,,,
tech-hubs,,,,avail,,avail,,
ai-regulation,,avail,,avail,,ON,,
stock-analysis,,,,,,,,
stock-backtest,,,,,,,,
daily-market-brief,,,,,,,,
markets-news,,,,avail,ON,,,
forex,,,ON,avail,ON,,,
fx,,,,,,,,
bonds,,,ON,avail,ON,,,
commodities-news,,,ON,,,,avail,
crypto-news,,avail,,,avail,,,
crypto-heatmap,,,,,avail,,,
defi-tokens,,avail,,,avail,,,
ai-tokens,,,,,avail,,,
other-tokens,,,,,avail,,,
centralbanks,,,ON,avail,ON,,,
economic-news,,,ON,avail,ON,,,
macro-tiles,,,ON,avail,ON,,,
fear-greed,,,,avail,ON,,,
aaii-sentiment,,,,,avail,,,
market-breadth,,,,avail,ON,,,
fsi,,,,,,,,
yield-curve,,,,,,,,
earnings-calendar,,,,,,,,
economic-calendar,,,,,,,,
cot-positioning,,,,,,,,
derivatives,,,,avail,ON,,,
fintech,,avail,,,ON,ON,,
fin-regulation,,,,ON,ON,ON,,
institutional,,,,ON,ON,,,
analysis,,,,avail,avail,,,
gccNews,,,ON,avail,,,,
wsb-ticker-scanner,,,,,,,,
threat-timeline,ON,,ON,,,,,
strategic-posture,,,,,,,,
forecast,,,,avail,,,,
cii,,,,,,,,
strategic-risk,,,,,,,,
intel,ON,,ON,,,,,
gdelt-intel,,,,,,,,
cascade,ON,ON,,,,,avail,avail
military-correlation,,,,,,,,
escalation-correlation,ON,,ON,,,,,
economic-correlation,,,,,,,,
disaster-correlation,,,,,,,,
politics,ON,,ON,avail,,,,
us,ON,,ON,avail,,,,
europe,ON,,ON,avail,,,,
middleeast,ON,,ON,avail,,,,
africa,ON,,ON,avail,,,,
latam,ON,,ON,avail,,,,
asia,ON,,ON,avail,,,,
gov,ON,,ON,avail,,avail,,
thinktanks,ON,,ON,,,,,
chat-analyst,,,,,,,,
satellite-fires,,,,,,,,
grocery-basket,,,,,,,,
bigmac,,,,,,,,
fao-food-price-index,ON,,ON,,,,,
ucdp-events,,,,,,,,
disease-outbreaks,ON,,ON,,,avail,,ON
social-velocity,,,,,,,,
displacement,ON,,ON,,,,,
climate-news,,,ON,,,,ON,avail
population-exposure,ON,,,,,,ON,ON
security-advisories,,ON,,,,avail,,
defense-patents,,,,,,,,
radiation-watch,,,,,,,,
thermal-escalation,,,,,,,,
oref-sirens,,,,,,,,
telegram-intel,,,,,,,,
national-debt,,,ON,,ON,,,
cross-source-signals,ON,ON,ON,,,,,
market-implications,,,,,,,,
regional-intelligence,,,,,,,,
deduction,,,,,,,,
geo-hubs,ON,,ON,,,,,
